payment_id,contract_id,payment_date,amount
P0001,C0098,2024-01-01,1165.00
P0002,C0372,2024-01-01,1290.00
P0003,C0040,2024-01-01,1290.00
P0004,C0022,2024-01-01,1430.00
P0005,C0103,2024-01-01,1000.00
P0006,C0254,2024-01-01,545.00
P0007,C0303,2024-01-01,458.76
P0008,C0165,2024-01-01,425.00
P0009,C0149,2024-01-01,1630.00
P0010,C0072,2024-01-01,700.00
P0011,C0372,2024-01-01,1290.00
P0012,C0187,2024-01-01,1365.00
P0013,C0303,2024-01-01,600.00
P0014,C0303,2024-01-01,600.00
P0015,C0116,2024-01-01,1620.00
P0016,C0085,2024-01-01,735.00
P0017,C0230,2024-01-02,1095.00
P0018,C0366,2024-01-02,2035.00
P0019,C0136,2024-01-02,522.52
P0020,C0127,2024-01-03,1026.86
P0021,C0043,2024-01-03,745.00
P0022,C0272,2024-01-03,1850.00
P0023,C0273,2024-01-03,1305.00
P0024,C0046,2024-01-03,1280.00
P0025,C0288,2024-01-03,720.00
P0026,C0204,2024-01-03,1235.00
P0027,C0354,2024-01-03,911.90
P0028,C0367,2024-01-03,1300.00
P0029,C0124,2024-01-03,950.00
P0030,C0113,2024-01-03,1245.00
P0031,C0085,2024-01-03,647.17
P0032,C0288,2024-01-03,720.00
P0033,C0188,2024-01-03,465.00
P0034,C0049,2024-01-03,665.00
P0035,C0230,2024-01-03,1095.00
P0036,C0358,2024-01-03,335.00
P0037,C0001,2024-01-03,905.00
P0038,C0245,2024-01-04,1478.99
P0039,C0254,2024-01-04,545.00
P0040,C0056,2024-01-04,1470.00
P0041,C0022,2024-01-04,1430.00
P0042,C0109,2024-01-04,320.00
P0043,C0155,2024-01-04,1540.00
P0044,C0020,2024-01-04,490.00
P0045,C0288,2024-01-04,720.00
P0046,C0098,2024-01-04,1165.00
P0047,C0253,2024-01-04,860.00
P0048,C0329,2024-01-04,1084.75
P0049,C0113,2024-01-04,1245.00
P0050,C0254,2024-01-04,458.84
P0051,C0162,2024-01-04,1190.00
P0052,C0085,2024-01-04,735.00
P0053,C0244,2024-01-04,507.17
P0054,C0189,2024-01-04,1785.00
P0055,C0283,2024-01-04,895.00
P0056,C0207,2024-01-04,1320.00
P0057,C0435,2024-01-04,670.00
P0058,C0435,2024-01-04,473.16
P0059,C0201,2024-01-05,633.59
P0060,C0335,2024-01-05,420.00
P0061,C0212,2024-01-05,1160.00
P0062,C0244,2024-01-05,605.00
P0063,C0065,2024-01-05,295.00
P0064,C0139,2024-01-05,1475.00
P0065,C0423,2024-01-05,1455.00
P0066,C0084,2024-01-05,1275.00
P0067,C0229,2024-01-05,335.00
P0068,C0145,2024-01-05,1810.00
P0069,C0435,2024-01-05,670.00
P0070,C0035,2024-01-05,1330.00
P0071,C0260,2024-01-05,900.00
P0072,C0303,2024-01-05,600.00
P0073,C0074,2024-01-06,885.00
P0074,C0022,2024-01-06,1430.00
P0075,C0272,2024-01-06,1850.00
P0076,C0260,2024-01-06,762.65
P0077,C0109,2024-01-06,320.00
P0078,C0081,2024-01-06,820.00
P0079,C0005,2024-01-06,1310.00
P0080,C0162,2024-01-06,1190.00
P0081,C0063,2024-01-06,1215.00
P0082,C0046,2024-01-06,1280.00
P0083,C0155,2024-01-06,1540.00
P0084,C0040,2024-01-06,1290.00
P0085,C0230,2024-01-06,1095.00
P0086,C0158,2024-01-07,1300.00
P0087,C0155,2024-01-07,1540.00
P0088,C0001,2024-01-07,905.00
P0089,C0279,2024-01-07,1175.00
P0090,C0212,2024-01-07,1160.00
P0091,C0020,2024-01-07,490.00
P0092,C0035,2024-01-07,1330.00
P0093,C0227,2024-01-07,1725.00
P0094,C0280,2024-01-07,268.42
P0095,C0020,2024-01-08,490.00
P0096,C0050,2024-01-08,1570.00
P0097,C0256,2024-01-08,354.99
P0098,C0001,2024-01-08,905.00
P0099,C0085,2024-01-08,735.00
P0100,C0022,2024-01-08,1430.00
P0101,C0203,2024-01-08,1210.00
P0102,C0100,2024-01-08,585.00
P0103,C0366,2024-01-08,2035.00
P0104,C0005,2024-01-08,1310.00
P0105,C0149,2024-01-08,1113.35
P0106,C0272,2024-01-08,1850.00
P0107,C0049,2024-01-08,665.00
P0108,C0084,2024-01-09,1275.00
P0109,C0340,2024-01-09,820.00
P0110,C0291,2024-01-09,825.00
P0111,C0234,2024-01-09,1235.00
P0112,C0272,2024-01-09,1661.53
P0113,C0367,2024-01-09,1300.00
P0114,C0386,2024-01-09,1480.00
P0115,C0227,2024-01-09,1725.00
P0116,C0205,2024-01-09,1015.00
P0117,C0072,2024-01-09,700.00
P0118,C0272,2024-01-09,1850.00
P0119,C0212,2024-01-09,755.54
P0120,C0202,2024-01-09,898.58
P0121,C0283,2024-01-09,895.00
P0122,C0140,2024-01-10,691.59
P0123,C0127,2024-01-10,1180.00
P0124,C0435,2024-01-10,670.00
P0125,C0040,2024-01-10,1290.00
P0126,C0081,2024-01-10,820.00
P0127,C0074,2024-01-10,885.00
P0128,C0386,2024-01-10,1480.00
P0129,C0203,2024-01-10,1210.00
P0130,C0074,2024-01-10,885.00
P0131,C0402,2024-01-10,810.00
P0132,C0372,2024-01-10,1290.00
P0133,C0137,2024-01-11,905.00
P0134,C0368,2024-01-11,415.00
P0135,C0402,2024-01-11,810.00
P0136,C0081,2024-01-11,820.00
P0137,C0001,2024-01-11,905.00
P0138,C0074,2024-01-11,885.00
P0139,C0272,2024-01-11,1850.00
P0140,C0116,2024-01-11,1620.00
P0141,C0207,2024-01-11,1320.00
P0142,C0158,2024-01-11,1300.00
P0143,C0049,2024-01-11,665.00
P0144,C0085,2024-01-11,648.91
P0145,C0072,2024-01-11,454.10
P0146,C0331,2024-01-11,244.16
P0147,C0372,2024-01-11,1021.42
P0148,C0074,2024-01-12,885.00
P0149,C0096,2024-01-12,1990.00
P0150,C0063,2024-01-12,1215.00
P0151,C0288,2024-01-12,720.00
P0152,C0260,2024-01-12,900.00
P0153,C0155,2024-01-12,1540.00
P0154,C0040,2024-01-12,1290.00
P0155,C0335,2024-01-12,420.00
P0156,C0202,2024-01-12,1350.00
P0157,C0402,2024-01-12,810.00
P0158,C0247,2024-01-12,325.00
P0159,C0288,2024-01-12,720.00
P0160,C0353,2024-01-12,960.00
P0161,C0340,2024-01-12,820.00
P0162,C0005,2024-01-12,1163.35
P0163,C0437,2024-01-13,355.00
P0164,C0402,2024-01-13,810.00
P0165,C0245,2024-01-13,1850.00
P0166,C0402,2024-01-13,810.00
P0167,C0022,2024-01-13,1430.00
P0168,C0272,2024-01-13,1850.00
P0169,C0036,2024-01-13,550.03
P0170,C0113,2024-01-13,1245.00
P0171,C0282,2024-01-13,1415.00
P0172,C0426,2024-01-14,1090.00
P0173,C0180,2024-01-14,1445.00
P0174,C0098,2024-01-14,1165.00
P0175,C0366,2024-01-14,2035.00
P0176,C0256,2024-01-14,505.00
P0177,C0081,2024-01-14,820.00
P0178,C0127,2024-01-14,1180.00
P0179,C0227,2024-01-14,1725.00
P0180,C0366,2024-01-14,2035.00
P0181,C0026,2024-01-14,670.00
P0182,C0162,2024-01-14,1190.00
P0183,C0316,2024-01-14,910.00
P0184,C0049,2024-01-14,665.00
P0185,C0203,2024-01-14,1210.00
P0186,C0116,2024-01-14,1620.00
P0187,C0368,2024-01-15,415.00
P0188,C0283,2024-01-15,895.00
P0189,C0113,2024-01-15,1245.00
P0190,C0366,2024-01-15,2035.00
P0191,C0155,2024-01-15,1540.00
P0192,C0149,2024-01-15,1630.00
P0193,C0283,2024-01-15,895.00
P0194,C0234,2024-01-15,1235.00
P0195,C0372,2024-01-15,1290.00
P0196,C0205,2024-01-15,1015.00
P0197,C0256,2024-01-15,505.00
P0198,C0282,2024-01-16,1415.00
P0199,C0137,2024-01-16,905.00
P0200,C0359,2024-01-16,1310.00
P0201,C0188,2024-01-16,465.00
P0202,C0203,2024-01-16,1210.00
P0203,C0155,2024-01-16,1540.00
P0204,C0085,2024-01-16,448.06
P0205,C0202,2024-01-16,1350.00
P0206,C0179,2024-01-16,880.00
P0207,C0386,2024-01-17,1480.00
P0208,C0137,2024-01-17,905.00
P0209,C0368,2024-01-17,415.00
P0210,C0139,2024-01-17,1475.00
P0211,C0022,2024-01-17,1430.00
P0212,C0140,2024-01-17,975.00
P0213,C0423,2024-01-17,1455.00
P0214,C0050,2024-01-17,1570.00
P0215,C0155,2024-01-17,1540.00
P0216,C0188,2024-01-18,281.24
P0217,C0329,2024-01-18,839.07
P0218,C0230,2024-01-18,1095.00
P0219,C0388,2024-01-18,685.00
P0220,C0030,2024-01-18,399.53
P0221,C0220,2024-01-18,1710.00
P0222,C0426,2024-01-18,675.21
P0223,C0062,2024-01-18,1840.00
P0224,C0283,2024-01-18,895.00
P0225,C0354,2024-01-18,1055.00
P0226,C0113,2024-01-19,1245.00
P0227,C0035,2024-01-19,1330.00
P0228,C0272,2024-01-19,1850.00
P0229,C0282,2024-01-19,1415.00
P0230,C0366,2024-01-19,2035.00
P0231,C0180,2024-01-19,1445.00
P0232,C0062,2024-01-19,1840.00
P0233,C0366,2024-01-19,2035.00
P0234,C0335,2024-01-20,420.00
P0235,C0137,2024-01-20,905.00
P0236,C0329,2024-01-20,1240.00
P0237,C0288,2024-01-20,720.00
P0238,C0294,2024-01-21,665.00
P0239,C0366,2024-01-21,2035.00
P0240,C0273,2024-01-21,1305.00
P0241,C0202,2024-01-21,1350.00
P0242,C0050,2024-01-21,1570.00
P0243,C0103,2024-01-21,1000.00
P0244,C0279,2024-01-21,1175.00
P0245,C0372,2024-01-21,1290.00
P0246,C0127,2024-01-21,1032.43
P0247,C0402,2024-01-21,810.00
P0248,C0234,2024-01-21,1235.00
P0249,C0145,2024-01-21,1810.00
P0250,C0201,2024-01-21,850.00
P0251,C0245,2024-01-21,1414.11
P0252,C0227,2024-01-21,1725.00
P0253,C0300,2024-01-22,395.00
P0254,C0207,2024-01-22,1320.00
P0255,C0372,2024-01-22,1290.00
P0256,C0282,2024-01-22,1415.00
P0257,C0158,2024-01-22,880.88
P0258,C0230,2024-01-22,1095.00
P0259,C0149,2024-01-22,1630.00
P0260,C0081,2024-01-22,597.58
P0261,C0188,2024-01-22,371.01
P0262,C0143,2024-01-22,945.00
P0263,C0005,2024-01-22,1015.99
P0264,C0283,2024-01-22,895.00
P0265,C0426,2024-01-22,832.17
P0266,C0234,2024-01-22,1235.00
P0267,C0205,2024-01-22,1015.00
P0268,C0212,2024-01-23,1160.00
P0269,C0245,2024-01-23,1850.00
P0270,C0201,2024-01-23,850.00
P0271,C0354,2024-01-23,1055.00
P0272,C0174,2024-01-23,1110.00
P0273,C0020,2024-01-23,490.00
P0274,C0322,2024-01-23,1014.02
P0275,C0372,2024-01-23,1115.83
P0276,C0025,2024-01-23,575.34
P0277,C0022,2024-01-24,1430.00
P0278,C0388,2024-01-24,685.00
P0279,C0149,2024-01-24,1048.68
P0280,C0188,2024-01-24,465.00
P0281,C0435,2024-01-24,670.00
P0282,C0230,2024-01-24,1095.00
P0283,C0426,2024-01-24,1090.00
P0284,C0081,2024-01-24,820.00
P0285,C0109,2024-01-24,320.00
P0286,C0049,2024-01-24,665.00
P0287,C0202,2024-01-24,1350.00
P0288,C0048,2024-01-24,1122.21
P0289,C0301,2024-01-24,1035.00
P0290,C0100,2024-01-24,585.00
P0291,C0444,2024-01-25,1890.00
P0292,C0205,2024-01-25,1015.00
P0293,C0046,2024-01-25,1280.00
P0294,C0026,2024-01-25,670.00
P0295,C0026,2024-01-25,670.00
P0296,C0127,2024-01-25,1180.00
P0297,C0001,2024-01-25,706.47
P0298,C0372,2024-01-25,1290.00
P0299,C0423,2024-01-25,1455.00
P0300,C0043,2024-01-25,745.00
P0301,C0230,2024-01-25,1095.00
P0302,C0176,2024-01-25,1615.00
P0303,C0137,2024-01-25,905.00
P0304,C0036,2024-01-25,645.00
P0305,C0136,2024-01-25,860.00
P0306,C0333,2024-01-25,693.53
P0307,C0291,2024-01-26,583.08
P0308,C0401,2024-01-26,945.00
P0309,C0103,2024-01-26,1000.00
P0310,C0073,2024-01-26,746.89
P0311,C0020,2024-01-26,490.00
P0312,C0062,2024-01-26,1840.00
P0313,C0166,2024-01-26,495.00
P0314,C0234,2024-01-26,1235.00
P0315,C0279,2024-01-26,1175.00
P0316,C0035,2024-01-26,1330.00
P0317,C0386,2024-01-26,1480.00
P0318,C0288,2024-01-26,720.00
P0319,C0268,2024-01-26,860.00
P0320,C0050,2024-01-26,1570.00
P0321,C0020,2024-01-27,490.00
P0322,C0227,2024-01-27,1725.00
P0323,C0201,2024-01-27,850.00
P0324,C0103,2024-01-27,647.92
P0325,C0256,2024-01-27,505.00
P0326,C0026,2024-01-27,670.00
P0327,C0175,2024-01-27,325.00
P0328,C0085,2024-01-27,544.03
P0329,C0085,2024-01-27,735.00
P0330,C0062,2024-01-27,1840.00
P0331,C0316,2024-01-27,690.20
P0332,C0437,2024-01-28,355.00
P0333,C0046,2024-01-28,1280.00
P0334,C0083,2024-01-28,1115.00
P0335,C0022,2024-01-28,1430.00
P0336,C0158,2024-01-28,887.17
P0337,C0212,2024-01-28,1160.00
P0338,C0081,2024-01-28,820.00
P0339,C0109,2024-01-28,320.00
P0340,C0098,2024-01-28,1165.00
P0341,C0386,2024-01-28,1480.00
P0342,C0256,2024-01-28,505.00
P0343,C0205,2024-01-28,1015.00
P0344,C0129,2024-01-28,1630.00
P0345,C0354,2024-01-28,1055.00
P0346,C0342,2024-01-28,1420.00
P0347,C0227,2024-01-28,1725.00
P0348,C0035,2024-01-28,1330.00
P0349,C0212,2024-01-28,1160.00
P0350,C0165,2024-01-28,425.00
P0351,C0063,2024-01-29,1215.00
P0352,C0124,2024-01-29,950.00
P0353,C0116,2024-01-29,1620.00
P0354,C0426,2024-01-29,1090.00
P0355,C0048,2024-01-29,1860.00
P0356,C0212,2024-01-29,927.79
P0357,C0283,2024-01-29,895.00
P0358,C0358,2024-01-29,265.45
P0359,C0040,2024-01-29,1290.00
P0360,C0207,2024-01-29,1320.00
P0361,C0113,2024-01-29,1245.00
P0362,C0016,2024-01-29,550.00
P0363,C0388,2024-01-29,685.00
P0364,C0137,2024-01-30,905.00
P0365,C0189,2024-01-30,1785.00
P0366,C0049,2024-01-30,665.00
P0367,C0416,2024-01-30,475.65
P0368,C0036,2024-01-30,645.00
P0369,C0043,2024-01-30,745.00
P0370,C0316,2024-01-31,910.00
P0371,C0063,2024-01-31,1215.00
P0372,C0143,2024-01-31,945.00
P0373,C0273,2024-01-31,1305.00
P0374,C0100,2024-01-31,585.00
P0375,C0355,2024-01-31,605.00
P0376,C0011,2024-01-31,1130.00
P0377,C0367,2024-01-31,1300.00
P0378,C0227,2024-01-31,1725.00
P0379,C0046,2024-01-31,1280.00
P0380,C0367,2024-01-31,1300.00
P0381,C0316,2024-01-31,910.00
P0382,C0272,2024-01-31,1850.00
P0383,C0084,2024-01-31,882.62
P0384,C0050,2024-01-31,1570.00
P0385,C0272,2024-01-31,1850.00
P0386,C0426,2024-01-31,903.81
P0387,C0100,2024-01-31,585.00
P0388,C0050,2024-01-31,1286.09
P0389,C0367,2024-01-31,1300.00
P0390,C0207,2024-01-31,1320.00
P0391,C0070,2024-02-01,490.00
P0392,C0391,2024-02-03,825.00
P0393,C0295,2024-02-04,1235.00
P0394,C0375,2024-02-04,913.98
P0395,C0163,2024-02-04,2025.00
P0396,C0383,2024-02-05,816.55
P0397,C0301,2024-02-05,1035.00
P0398,C0174,2024-02-06,1110.00
P0399,C0077,2024-02-06,1865.00
P0400,C0121,2024-02-06,883.33
P0401,C0033,2024-02-07,555.00
P0402,C0047,2024-02-09,475.00
P0403,C0247,2024-02-09,253.09
P0404,C0380,2024-02-09,1170.00
P0405,C0299,2024-02-09,1670.00
P0406,C0392,2024-02-10,845.00
P0407,C0105,2024-02-10,730.00
P0408,C0110,2024-02-10,1020.00
P0409,C0174,2024-02-10,1110.00
P0410,C0416,2024-02-11,685.00
P0411,C0032,2024-02-11,385.00
P0412,C0222,2024-02-11,1280.00
P0413,C0156,2024-02-12,860.00
P0414,C0016,2024-02-12,550.00
P0415,C0353,2024-02-12,960.00
P0416,C0377,2024-02-13,1235.00
P0417,C0126,2024-02-13,965.00
P0418,C0054,2024-02-13,1140.00
P0419,C0414,2024-02-14,1020.00
P0420,C0380,2024-02-15,1170.00
P0421,C0075,2024-02-15,520.00
P0422,C0368,2024-02-17,415.00
P0423,C0443,2024-02-17,1325.00
P0424,C0169,2024-02-17,885.00
P0425,C0403,2024-02-18,1090.00
P0426,C0404,2024-02-18,149.39
P0427,C0243,2024-02-19,1535.00
P0428,C0175,2024-02-19,325.00
P0429,C0275,2024-02-19,885.00
P0430,C0417,2024-02-20,1670.00
P0431,C0088,2024-02-20,735.00
P0432,C0223,2024-02-20,397.06
P0433,C0037,2024-02-22,450.00
P0434,C0449,2024-02-22,910.00
P0435,C0236,2024-02-23,665.00
P0436,C0301,2024-02-23,1035.00
P0437,C0339,2024-02-23,700.00
P0438,C0265,2024-02-24,1000.00
P0439,C0170,2024-02-24,760.00
P0440,C0250,2024-02-25,509.78
P0441,C0115,2024-02-25,615.00
P0442,C0380,2024-02-25,1170.00
P0443,C0263,2024-02-26,600.00
P0444,C0301,2024-02-26,756.22
P0445,C0065,2024-02-27,295.00
P0446,C0338,2024-02-27,1220.00
P0447,C0068,2024-02-28,1680.00
P0448,C0249,2024-02-28,1255.00
P0449,C0204,2024-02-28,1082.77
P0450,C0187,2024-03-01,1365.00
P0451,C0239,2024-03-01,1510.00
P0452,C0275,2024-03-02,885.00
P0453,C0287,2024-03-02,645.00
P0454,C0289,2024-03-02,570.00
P0455,C0179,2024-03-05,535.05
P0456,C0178,2024-03-05,830.00
P0457,C0332,2024-03-07,710.00
P0458,C0301,2024-03-09,1035.00
P0459,C0263,2024-03-09,600.00
P0460,C0383,2024-03-10,1200.00
P0461,C0233,2024-03-10,380.00
P0462,C0267,2024-03-10,460.68
P0463,C0133,2024-03-10,485.00
P0464,C0108,2024-03-11,500.00
P0465,C0223,2024-03-12,525.00
P0466,C0213,2024-03-12,1070.00
P0467,C0126,2024-03-12,965.00
P0468,C0216,2024-03-12,1070.00
P0469,C0324,2024-03-12,425.00
P0470,C0114,2024-03-14,1325.00
P0471,C0170,2024-03-14,564.98
P0472,C0338,2024-03-14,1220.00
P0473,C0174,2024-03-14,872.65
P0474,C0393,2024-03-15,1050.11
P0475,C0364,2024-03-15,1095.00
P0476,C0269,2024-03-15,1240.00
P0477,C0235,2024-03-15,1125.00
P0478,C0449,2024-03-16,910.00
P0479,C0077,2024-03-17,1865.00
P0480,C0194,2024-03-19,228.56
P0481,C0133,2024-03-20,485.00
P0482,C0114,2024-03-21,1325.00
P0483,C0416,2024-03-22,685.00
P0484,C0051,2024-03-23,1465.00
P0485,C0419,2024-03-24,680.00
P0486,C0011,2024-03-24,1130.00
P0487,C0087,2024-03-24,585.00
P0488,C0389,2024-03-24,465.00
P0489,C0414,2024-03-25,1020.00
P0490,C0390,2024-03-26,435.00
P0491,C0010,2024-03-26,1010.00
P0492,C0416,2024-03-27,685.00
P0493,C0129,2024-03-28,1630.00
P0494,C0006,2024-03-28,650.00
P0495,C0313,2024-03-28,825.00
P0496,C0324,2024-03-30,425.00
P0497,C0217,2024-03-30,645.00
P0498,C0224,2024-03-30,1130.00
P0499,C0416,2024-04-01,685.00
P0500,C0332,2024-04-02,710.00
P0501,C0326,2024-04-02,661.84
P0502,C0094,2024-04-03,910.00
P0503,C0223,2024-04-03,525.00
P0504,C0434,2024-04-03,925.00
P0505,C0213,2024-04-04,1070.00
P0506,C0251,2024-04-05,1205.00
P0507,C0044,2024-04-08,1290.00
P0508,C0363,2024-04-09,1745.00
P0509,C0408,2024-04-09,651.03
P0510,C0077,2024-04-09,1865.00
P0511,C0403,2024-04-10,1090.00
P0512,C0073,2024-04-10,1235.00
P0513,C0010,2024-04-10,662.98
P0514,C0065,2024-04-10,295.00
P0515,C0045,2024-04-10,1224.38
P0516,C0032,2024-04-11,385.00
P0517,C0390,2024-04-11,435.00
P0518,C0404,2024-04-11,225.00
P0519,C0449,2024-04-11,910.00
P0520,C0416,2024-04-12,685.00
P0521,C0251,2024-04-13,1205.00
P0522,C0417,2024-04-13,1670.00
P0523,C0192,2024-04-14,505.36
P0524,C0338,2024-04-14,1220.00
P0525,C0145,2024-04-16,1810.00
P0526,C0341,2024-04-17,980.00
P0527,C0289,2024-04-17,570.00
P0528,C0253,2024-04-17,860.00
P0529,C0413,2024-04-18,835.00
P0530,C0267,2024-04-18,720.00
P0531,C0120,2024-04-21,915.00
P0532,C0301,2024-04-21,1035.00
P0533,C0448,2024-04-21,862.89
P0534,C0390,2024-04-22,435.00
P0535,C0077,2024-04-24,1865.00
P0536,C0126,2024-04-26,965.00
P0537,C0166,2024-04-26,495.00
P0538,C0065,2024-04-26,295.00
P0539,C0117,2024-04-26,1340.00
P0540,C0018,2024-04-27,760.00
P0541,C0360,2024-04-27,477.50
P0542,C0287,2024-04-27,645.00
P0543,C0086,2024-04-28,410.00
P0544,C0247,2024-04-29,325.00
P0545,C0335,2024-04-29,420.00
P0546,C0448,2024-05-01,1055.00
P0547,C0389,2024-05-01,465.00
P0548,C0060,2024-05-02,725.00
P0549,C0389,2024-05-02,465.00
P0550,C0289,2024-05-04,570.00
P0551,C0396,2024-05-04,1465.00
P0552,C0099,2024-05-06,280.00
P0553,C0315,2024-05-07,490.00
P0554,C0295,2024-05-09,942.41
P0555,C0383,2024-05-10,1200.00
P0556,C0111,2024-05-11,1785.00
P0557,C0122,2024-05-12,500.00
P0558,C0255,2024-05-12,1340.00
P0559,C0242,2024-05-12,720.00
P0560,C0014,2024-05-12,1185.00
P0561,C0161,2024-05-13,1125.00
P0562,C0006,2024-05-14,650.00
P0563,C0265,2024-05-14,1000.00
P0564,C0115,2024-05-15,615.00
P0565,C0006,2024-05-15,650.00
P0566,C0225,2024-05-16,730.00
P0567,C0380,2024-05-16,1170.00
P0568,C0403,2024-05-16,1090.00
P0569,C0054,2024-05-17,1140.00
P0570,C0210,2024-05-17,1575.00
P0571,C0339,2024-05-17,700.00
P0572,C0179,2024-05-18,880.00
P0573,C0239,2024-05-19,1510.00
P0574,C0259,2024-05-19,1485.00
P0575,C0448,2024-05-20,1055.00
P0576,C0128,2024-05-20,2020.00
P0577,C0033,2024-05-20,555.00
P0578,C0317,2024-05-20,468.47
P0579,C0164,2024-05-21,1150.00
P0580,C0027,2024-05-21,845.00
P0581,C0261,2024-05-22,1810.00
P0582,C0108,2024-05-22,500.00
P0583,C0210,2024-05-23,1575.00
P0584,C0249,2024-05-24,1255.00
P0585,C0182,2024-05-25,1300.00
P0586,C0292,2024-05-25,775.00
P0587,C0064,2024-05-25,525.00
P0588,C0185,2024-05-25,625.00
P0589,C0088,2024-05-25,638.16
P0590,C0047,2024-05-26,475.00
P0591,C0306,2024-05-28,980.00
P0592,C0332,2024-05-29,710.00
P0593,C0408,2024-05-30,730.00
P0594,C0045,2024-05-31,1650.00
P0595,C0182,2024-05-31,861.41
P0596,C0342,2024-06-01,1420.00
P0597,C0077,2024-06-03,1865.00
P0598,C0427,2024-06-04,345.00
P0599,C0407,2024-06-04,1520.00
P0600,C0175,2024-06-04,325.00
P0601,C0167,2024-06-04,385.00
P0602,C0342,2024-06-05,1420.00
P0603,C0365,2024-06-06,1100.00
P0604,C0032,2024-06-07,385.00
P0605,C0267,2024-06-07,720.00
P0606,C0341,2024-06-08,980.00
P0607,C0242,2024-06-08,720.00
P0608,C0271,2024-06-08,1410.00
P0609,C0163,2024-06-08,2025.00
P0610,C0449,2024-06-09,910.00
P0611,C0445,2024-06-09,628.87
P0612,C0056,2024-06-10,1226.54
P0613,C0263,2024-06-10,600.00
P0614,C0427,2024-06-11,247.81
P0615,C0010,2024-06-11,1010.00
P0616,C0243,2024-06-12,1535.00
P0617,C0289,2024-06-12,570.00
P0618,C0365,2024-06-12,1100.00
P0619,C0231,2024-06-12,385.00
P0620,C0375,2024-06-13,1460.00
P0621,C0417,2024-06-13,1670.00
P0622,C0129,2024-06-13,1630.00
P0623,C0182,2024-06-14,1300.00
P0624,C0347,2024-06-15,1145.00
P0625,C0124,2024-06-15,950.00
P0626,C0231,2024-06-16,385.00
P0627,C0428,2024-06-16,695.00
P0628,C0120,2024-06-16,915.00
P0629,C0130,2024-06-17,815.00
P0630,C0170,2024-06-17,760.00
P0631,C0251,2024-06-17,1205.00
P0632,C0322,2024-06-18,1140.00
P0633,C0331,2024-06-18,380.00
P0634,C0253,2024-06-20,860.00
P0635,C0144,2024-06-22,1605.00
P0636,C0132,2024-06-22,1585.00
P0637,C0383,2024-06-23,1200.00
P0638,C0112,2024-06-23,365.00
P0639,C0099,2024-06-24,280.00
P0640,C0407,2024-06-24,1520.00
P0641,C0044,2024-06-25,1290.00
P0642,C0233,2024-06-26,241.15
P0643,C0375,2024-06-28,1460.00
P0644,C0353,2024-06-28,960.00
P0645,C0394,2024-06-28,350.00
P0646,C0106,2024-06-29,525.00
P0647,C0432,2024-06-30,1570.00
P0648,C0236,2024-06-30,665.00
P0649,C0425,2024-07-01,1465.00
P0650,C0146,2024-07-02,1575.00
P0651,C0075,2024-07-02,520.00
P0652,C0249,2024-07-02,1255.00
P0653,C0296,2024-07-02,875.00
P0654,C0392,2024-07-04,845.00
P0655,C0311,2024-07-05,570.00
P0656,C0259,2024-07-05,1485.00
P0657,C0339,2024-07-08,700.00
P0658,C0115,2024-07-08,615.00
P0659,C0008,2024-07-08,540.00
P0660,C0231,2024-07-08,385.00
P0661,C0407,2024-07-08,1520.00
P0662,C0124,2024-07-09,950.00
P0663,C0141,2024-07-11,308.64
P0664,C0030,2024-07-12,507.33
P0665,C0019,2024-07-15,1285.00
P0666,C0054,2024-07-16,1140.00
P0667,C0280,2024-07-16,435.00
P0668,C0075,2024-07-16,520.00
P0669,C0117,2024-07-16,1340.00
P0670,C0306,2024-07-17,980.00
P0671,C0163,2024-07-19,2025.00
P0672,C0019,2024-07-20,1285.00
P0673,C0017,2024-07-20,1220.08
P0674,C0271,2024-07-21,1410.00
P0675,C0263,2024-07-21,600.00
P0676,C0427,2024-07-21,345.00
P0677,C0396,2024-07-22,1465.00
P0678,C0194,2024-07-23,310.00
P0679,C0170,2024-07-23,760.00
P0680,C0175,2024-07-23,325.00
P0681,C0379,2024-07-23,1205.00
P0682,C0270,2024-07-24,400.00
P0683,C0223,2024-07-24,525.00
P0684,C0130,2024-07-25,649.93
P0685,C0380,2024-07-25,1170.00
P0686,C0226,2024-07-26,620.00
P0687,C0225,2024-07-28,730.00
P0688,C0224,2024-07-28,1130.00
P0689,C0427,2024-07-29,345.00
P0690,C0163,2024-07-29,2025.00
P0691,C0289,2024-07-30,364.28
P0692,C0411,2024-07-30,1610.00
P0693,C0242,2024-07-30,720.00
P0694,C0427,2024-07-31,345.00
P0695,C0054,2024-07-31,1140.00
P0696,C0028,2024-07-31,1295.00
P0697,C0133,2024-08-01,485.00
P0698,C0228,2024-08-01,727.93
P0699,C0164,2024-08-01,1150.00
P0700,C0396,2024-08-02,1465.00
P0701,C0419,2024-08-03,680.00
P0702,C0264,2024-08-03,940.00
P0703,C0284,2024-08-03,490.00
P0704,C0324,2024-08-03,425.00
P0705,C0392,2024-08-05,845.00
P0706,C0255,2024-08-05,1340.00
P0707,C0054,2024-08-05,1140.00
P0708,C0370,2024-08-06,709.80
P0709,C0067,2024-08-06,300.00
P0710,C0030,2024-08-07,444.85
P0711,C0411,2024-08-08,1610.00
P0712,C0059,2024-08-08,585.00
P0713,C0126,2024-08-08,965.00
P0714,C0415,2024-08-09,1075.00
P0715,C0298,2024-08-10,680.00
P0716,C0412,2024-08-10,1290.00
P0717,C0110,2024-08-10,1020.00
P0718,C0003,2024-08-11,470.00
P0719,C0396,2024-08-13,1465.00
P0720,C0266,2024-08-15,1575.00
P0721,C0067,2024-08-17,300.00
P0722,C0224,2024-08-18,1130.00
P0723,C0309,2024-08-18,820.00
P0724,C0169,2024-08-20,885.00
P0725,C0154,2024-08-20,289.56
P0726,C0411,2024-08-21,1610.00
P0727,C0027,2024-08-22,845.00
P0728,C0181,2024-08-23,1050.00
P0729,C0287,2024-08-24,645.00
P0730,C0449,2024-08-24,910.00
P0731,C0204,2024-08-25,1235.00
P0732,C0101,2024-08-26,326.38
P0733,C0028,2024-08-27,1295.00
P0734,C0334,2024-08-28,1080.00
P0735,C0082,2024-08-28,865.00
P0736,C0242,2024-08-28,720.00
P0737,C0128,2024-08-28,2020.00
P0738,C0440,2024-08-29,460.00
P0739,C0039,2024-08-29,470.00
P0740,C0338,2024-08-29,996.10
P0741,C0284,2024-08-30,490.00
P0742,C0266,2024-08-31,1575.00
P0743,C0028,2024-08-31,1295.00
P0744,C0110,2024-08-31,1020.00
P0745,C0356,2024-09-01,510.00
P0746,C0292,2024-09-01,775.00
P0747,C0344,2024-09-01,440.00
P0748,C0268,2024-09-01,860.00
P0749,C0194,2024-09-02,310.00
P0750,C0252,2024-09-02,840.00
P0751,C0239,2024-09-02,1510.00
P0752,C0105,2024-09-02,730.00
P0753,C0323,2024-09-03,869.59
P0754,C0030,2024-09-03,615.00
P0755,C0111,2024-09-03,1785.00
P0756,C0233,2024-09-04,380.00
P0757,C0087,2024-09-04,585.00
P0758,C0186,2024-09-06,1155.00
P0759,C0194,2024-09-07,310.00
P0760,C0295,2024-09-07,769.47
P0761,C0080,2024-09-07,1750.00
P0762,C0060,2024-09-09,725.00
P0763,C0441,2024-09-09,1155.00
P0764,C0114,2024-09-09,1081.69
P0765,C0393,2024-09-09,1595.00
P0766,C0163,2024-09-09,2025.00
P0767,C0229,2024-09-10,335.00
P0768,C0381,2024-09-10,975.00
P0769,C0008,2024-09-11,540.00
P0770,C0023,2024-09-11,845.00
P0771,C0032,2024-09-11,385.00
P0772,C0344,2024-09-11,440.00
P0773,C0147,2024-09-12,610.00
P0774,C0105,2024-09-12,730.00
P0775,C0243,2024-09-13,1535.00
P0776,C0146,2024-09-13,1575.00
P0777,C0341,2024-09-14,980.00
P0778,C0298,2024-09-15,680.00
P0779,C0152,2024-09-16,1441.26
P0780,C0148,2024-09-16,1040.00
P0781,C0427,2024-09-16,345.00
P0782,C0012,2024-09-16,1378.94
P0783,C0065,2024-09-16,295.00
P0784,C0370,2024-09-17,1140.00
P0785,C0309,2024-09-18,820.00
P0786,C0264,2024-09-18,940.00
P0787,C0447,2024-09-20,675.00
P0788,C0280,2024-09-22,435.00
P0789,C0321,2024-09-23,1275.00
P0790,C0077,2024-09-23,1865.00
P0791,C0361,2024-09-24,294.35
P0792,C0125,2024-09-25,1270.00
P0793,C0306,2024-09-26,980.00
P0794,C0338,2024-09-26,1220.00
P0795,C0086,2024-09-27,410.00
P0796,C0228,2024-09-27,1010.00
P0797,C0415,2024-09-27,1075.00
P0798,C0067,2024-09-28,300.00
P0799,C0179,2024-09-29,880.00
P0800,C0222,2024-10-01,1280.00
P0801,C0223,2024-10-02,525.00
P0802,C0411,2024-10-02,1610.00
P0803,C0332,2024-10-03,710.00
P0804,C0407,2024-10-06,1520.00
P0805,C0196,2024-10-08,1135.00
P0806,C0107,2024-10-11,740.31
P0807,C0445,2024-10-14,790.00
P0808,C0204,2024-10-15,1235.00
P0809,C0099,2024-10-16,173.68
P0810,C0125,2024-10-16,1270.00
P0811,C0344,2024-10-17,440.00
P0812,C0058,2024-10-18,955.00
P0813,C0361,2024-10-18,475.00
P0814,C0067,2024-10-19,300.00
P0815,C0122,2024-10-19,500.00
P0816,C0144,2024-10-20,1605.00
P0817,C0170,2024-10-20,760.00
P0818,C0053,2024-10-23,1650.00
P0819,C0299,2024-10-24,1670.00
P0820,C0408,2024-10-24,730.00
P0821,C0322,2024-10-24,1140.00
P0822,C0032,2024-10-24,385.00
P0823,C0355,2024-10-26,605.00
P0824,C0069,2024-10-27,1090.00
P0825,C0037,2024-10-28,450.00
P0826,C0242,2024-10-28,720.00
P0827,C0114,2024-10-30,1325.00
P0828,C0246,2024-11-01,1015.00
P0829,C0045,2024-11-02,1650.00
P0830,C0182,2024-11-03,1300.00
P0831,C0371,2024-11-03,933.42
P0832,C0064,2024-11-03,525.00
P0833,C0133,2024-11-03,485.00
P0834,C0309,2024-11-04,820.00
P0835,C0434,2024-11-04,925.00
P0836,C0289,2024-11-06,570.00
P0837,C0179,2024-11-07,880.00
P0838,C0147,2024-11-07,610.00
P0839,C0280,2024-11-07,435.00
P0840,C0277,2024-11-09,340.00
P0841,C0249,2024-11-10,1255.00
P0842,C0440,2024-11-11,460.00
P0843,C0319,2024-11-12,1590.00
P0844,C0243,2024-11-13,1535.00
P0845,C0125,2024-11-13,942.91
P0846,C0264,2024-11-14,940.00
P0847,C0236,2024-11-15,665.00
P0848,C0228,2024-11-16,1010.00
P0849,C0080,2024-11-16,1083.69
P0850,C0093,2024-11-17,720.00
P0851,C0412,2024-11-18,1290.00
P0852,C0006,2024-11-18,650.00
P0853,C0108,2024-11-18,500.00
P0854,C0123,2024-11-18,960.00
P0855,C0166,2024-11-19,495.00
P0856,C0126,2024-11-20,965.00
P0857,C0348,2024-11-20,575.00
P0858,C0059,2024-11-21,585.00
P0859,C0309,2024-11-21,820.00
P0860,C0356,2024-11-21,510.00
P0861,C0242,2024-11-22,720.00
P0862,C0347,2024-11-22,1145.00
P0863,C0339,2024-11-22,700.00
P0864,C0359,2024-11-23,1310.00
P0865,C0159,2024-11-23,975.00
P0866,C0390,2024-11-23,345.91
P0867,C0111,2024-11-23,1785.00
P0868,C0179,2024-11-23,880.00
P0869,C0438,2024-11-24,1795.00
P0870,C0243,2024-11-24,1535.00
P0871,C0332,2024-11-24,710.00
P0872,C0199,2024-11-25,575.00
P0873,C0082,2024-11-25,865.00
P0874,C0123,2024-11-26,960.00
P0875,C0365,2024-11-26,937.18
P0876,C0379,2024-11-27,1205.00
P0877,C0434,2024-11-27,925.00
P0878,C0255,2024-11-28,1340.00
P0879,C0436,2024-11-29,585.00
P0880,C0204,2024-11-29,1235.00
P0881,C0310,2024-11-29,535.00
P0882,C0066,2024-11-30,1200.00
P0883,C0417,2024-12-01,1670.00
P0884,C0027,2024-12-01,845.00
P0885,C0270,2024-12-02,400.00
P0886,C0439,2024-12-03,675.00
P0887,C0014,2024-12-05,1185.00
P0888,C0030,2024-12-06,615.00
P0889,C0310,2024-12-06,535.00
P0890,C0141,2024-12-07,360.00
P0891,C0271,2024-12-07,1410.00
P0892,C0120,2024-12-07,915.00
P0893,C0089,2024-12-09,755.00
P0894,C0380,2024-12-09,1170.00
P0895,C0131,2024-12-10,405.00
P0896,C0381,2024-12-10,975.00
P0897,C0147,2024-12-10,378.93
P0898,C0075,2024-12-11,520.00
P0899,C0051,2024-12-11,1465.00
P0900,C0054,2024-12-12,1140.00
P0901,C0311,2024-12-12,570.00
P0902,C0128,2024-12-13,2020.00
P0903,C0185,2024-12-13,625.00
P0904,C0028,2024-12-14,1295.00
P0905,C0105,2024-12-15,730.00
P0906,C0019,2024-12-15,1112.86
P0907,C0239,2024-12-16,1510.00
P0908,C0315,2024-12-17,430.57
P0909,C0296,2024-12-19,875.00
P0910,C0122,2024-12-19,500.00
P0911,C0106,2024-12-19,525.00
P0912,C0144,2024-12-19,1605.00
P0913,C0105,2024-12-19,730.00
P0914,C0238,2024-12-20,530.00
P0915,C0110,2024-12-21,1020.00
P0916,C0041,2024-12-21,595.00
P0917,C0412,2024-12-22,1290.00
P0918,C0432,2024-12-23,1570.00
P0919,C0269,2024-12-23,1240.00
P0920,C0284,2024-12-23,490.00
P0921,C0111,2024-12-25,1785.00
P0922,C0259,2024-12-25,1485.00
P0923,C0129,2024-12-26,1630.00
P0924,C0266,2024-12-27,1575.00
P0925,C0305,2024-12-27,770.00
P0926,C0199,2024-12-29,398.41
P0927,C0360,2024-12-30,535.00
P0928,C0060,2024-12-30,725.00
P0929,C0415,2025-01-01,1075.00
P0930,C0013,2025-01-01,910.00
P0931,C0295,2025-01-01,1235.00
P0932,C0334,2025-01-01,1080.00
P0933,C0297,2025-01-01,815.00
P0934,C0133,2025-01-02,485.00
P0935,C0199,2025-01-03,575.00
P0936,C0349,2025-01-03,460.00
P0937,C0018,2025-01-03,760.00
P0938,C0058,2025-01-04,955.00
P0939,C0239,2025-01-04,1510.00
P0940,C0003,2025-01-04,470.00
P0941,C0220,2025-01-04,1710.00
P0942,C0106,2025-01-05,525.00
P0943,C0011,2025-01-05,1130.00
P0944,C0249,2025-01-06,1255.00
P0945,C0310,2025-01-07,535.00
P0946,C0011,2025-01-07,1130.00
P0947,C0315,2025-01-09,490.00
P0948,C0223,2025-01-09,525.00
P0949,C0089,2025-01-10,755.00
P0950,C0148,2025-01-10,1040.00
P0951,C0147,2025-01-10,610.00
P0952,C0159,2025-01-11,797.84
P0953,C0220,2025-01-11,1710.00
P0954,C0261,2025-01-12,1810.00
P0955,C0249,2025-01-12,1255.00
P0956,C0364,2025-01-12,675.62
P0957,C0225,2025-01-12,730.00
P0958,C0432,2025-01-12,1570.00
P0959,C0142,2025-01-15,615.00
P0960,C0419,2025-01-15,680.00
P0961,C0284,2025-01-17,490.00
P0962,C0275,2025-01-17,885.00
P0963,C0443,2025-01-17,1325.00
P0964,C0297,2025-01-17,815.00
P0965,C0342,2025-01-18,1420.00
P0966,C0292,2025-01-18,568.32
P0967,C0251,2025-01-18,1205.00
P0968,C0112,2025-01-18,365.00
P0969,C0196,2025-01-18,1135.00
P0970,C0442,2025-01-18,1570.00
P0971,C0365,2025-01-19,1100.00
P0972,C0105,2025-01-19,730.00
P0973,C0352,2025-01-19,1310.00
P0974,C0266,2025-01-19,1575.00
P0975,C0086,2025-01-19,312.25
P0976,C0243,2025-01-20,1535.00
P0977,C0270,2025-01-20,400.00
P0978,C0349,2025-01-21,460.00
P0979,C0179,2025-01-22,880.00
P0980,C0436,2025-01-23,585.00
P0981,C0023,2025-01-23,845.00
P0982,C0284,2025-01-23,490.00
P0983,C0142,2025-01-24,535.03
P0984,C0425,2025-01-24,1465.00
P0985,C0199,2025-01-25,575.00
P0986,C0027,2025-01-25,727.00
P0987,C0398,2025-01-25,840.00
P0988,C0307,2025-01-25,470.00
P0989,C0421,2025-01-26,420.00
P0990,C0235,2025-01-26,1125.00
P0991,C0130,2025-01-27,815.00
P0992,C0361,2025-01-27,475.00
P0993,C0198,2025-01-27,1165.00
P0994,C0339,2025-01-28,700.00
P0995,C0183,2025-01-28,960.00
P0996,C0160,2025-01-29,490.00
P0997,C0003,2025-01-29,470.00
P0998,C0216,2025-01-30,1070.00
P0999,C0198,2025-01-30,1165.00
P1000,C0238,2025-01-31,530.00
P1001,C0228,2025-01-31,1010.00
P1002,C0239,2025-01-31,1510.00
P1003,C0309,2025-01-31,820.00
P1004,C0159,2025-02-01,975.00
P1005,C0112,2025-02-01,271.48
P1006,C0236,2025-02-03,569.15
P1007,C0178,2025-02-03,830.00
P1008,C0193,2025-02-03,1059.59
P1009,C0042,2025-02-03,1275.00
P1010,C0436,2025-02-04,585.00
P1011,C0167,2025-02-05,385.00
P1012,C0239,2025-02-05,1510.00
P1013,C0044,2025-02-05,1290.00
P1014,C0369,2025-02-05,1175.00
P1015,C0280,2025-02-06,435.00
P1016,C0076,2025-02-06,970.00
P1017,C0280,2025-02-07,435.00
P1018,C0355,2025-02-07,605.00
P1019,C0176,2025-02-08,1615.00
P1020,C0238,2025-02-09,530.00
P1021,C0369,2025-02-11,1175.00
P1022,C0041,2025-02-11,595.00
P1023,C0276,2025-02-12,1235.00
P1024,C0173,2025-02-13,435.00
P1025,C0297,2025-02-13,815.00
P1026,C0321,2025-02-13,1275.00
P1027,C0438,2025-02-15,1161.10
P1028,C0390,2025-02-15,435.00
P1029,C0142,2025-02-17,615.00
P1030,C0319,2025-02-17,1590.00
P1031,C0028,2025-02-17,1133.30
P1032,C0400,2025-02-18,585.00
P1033,C0199,2025-02-18,575.00
P1034,C0295,2025-02-18,1235.00
P1035,C0156,2025-02-19,860.00
P1036,C0141,2025-02-19,360.00
P1037,C0070,2025-02-20,490.00
P1038,C0349,2025-02-20,460.00
P1039,C0206,2025-02-20,930.00
P1040,C0419,2025-02-21,680.00
P1041,C0339,2025-02-22,700.00
P1042,C0054,2025-02-22,1140.00
P1043,C0080,2025-02-23,1750.00
P1044,C0312,2025-02-23,716.07
P1045,C0438,2025-02-25,1795.00
P1046,C0322,2025-02-25,1140.00
P1047,C0008,2025-02-25,540.00
P1048,C0023,2025-02-27,845.00
P1049,C0193,2025-02-27,1195.00
P1050,C0126,2025-02-28,965.00
P1051,C0029,2025-02-28,1390.00
P1052,C0315,2025-02-28,490.00
P1053,C0092,2025-03-01,370.00
P1054,C0312,2025-03-01,774.23
P1055,C0411,2025-03-02,1610.00
P1056,C0160,2025-03-03,430.47
P1057,C0126,2025-03-03,965.00
P1058,C0014,2025-03-03,1185.00
P1059,C0411,2025-03-03,1610.00
P1060,C0355,2025-03-04,605.00
P1061,C0008,2025-03-04,540.00
P1062,C0142,2025-03-04,615.00
P1063,C0166,2025-03-04,419.71
P1064,C0365,2025-03-05,1100.00
P1065,C0266,2025-03-05,1370.57
P1066,C0110,2025-03-05,1020.00
P1067,C0295,2025-03-06,1235.00
P1068,C0431,2025-03-06,1060.00
P1069,C0222,2025-03-07,1280.00
P1070,C0129,2025-03-07,1333.00
P1071,C0297,2025-03-07,815.00
P1072,C0275,2025-03-07,885.00
P1073,C0206,2025-03-09,930.00
P1074,C0440,2025-03-09,460.00
P1075,C0037,2025-03-09,450.00
P1076,C0350,2025-03-09,1305.00
P1077,C0053,2025-03-09,1650.00
P1078,C0190,2025-03-10,870.00
P1079,C0233,2025-03-10,301.48
P1080,C0400,2025-03-10,585.00
P1081,C0436,2025-03-11,585.00
P1082,C0351,2025-03-12,1105.00
P1083,C0259,2025-03-12,1485.00
P1084,C0132,2025-03-12,1585.00
P1085,C0408,2025-03-12,730.00
P1086,C0068,2025-03-12,1680.00
P1087,C0037,2025-03-14,450.00
P1088,C0309,2025-03-14,820.00
P1089,C0389,2025-03-14,465.00
P1090,C0270,2025-03-14,400.00
P1091,C0031,2025-03-15,1505.00
P1092,C0056,2025-03-16,1470.00
P1093,C0428,2025-03-16,498.43
P1094,C0381,2025-03-17,975.00
P1095,C0394,2025-03-17,350.00
P1096,C0420,2025-03-17,1680.00
P1097,C0235,2025-03-18,1125.00
P1098,C0196,2025-03-18,1135.00
P1099,C0436,2025-03-19,360.16
P1100,C0082,2025-03-20,865.00
P1101,C0133,2025-03-20,485.00
P1102,C0190,2025-03-20,870.00
P1103,C0392,2025-03-20,845.00
P1104,C0053,2025-03-20,1650.00
P1105,C0086,2025-03-21,315.07
P1106,C0054,2025-03-21,1140.00
P1107,C0129,2025-03-22,1630.00
P1108,C0088,2025-03-22,735.00
P1109,C0240,2025-03-23,410.00
P1110,C0011,2025-03-24,933.23
P1111,C0375,2025-03-24,1460.00
P1112,C0174,2025-03-26,1110.00
P1113,C0125,2025-03-26,1270.00
P1114,C0251,2025-03-27,848.17
P1115,C0449,2025-03-27,910.00
P1116,C0147,2025-03-27,610.00
P1117,C0431,2025-03-28,1060.00
P1118,C0268,2025-03-29,860.00
P1119,C0317,2025-03-29,695.00
P1120,C0313,2025-03-29,825.00
P1121,C0027,2025-03-30,845.00
P1122,C0198,2025-04-03,1165.00
P1123,C0182,2025-04-03,1300.00
P1124,C0278,2025-04-04,710.00
P1125,C0271,2025-04-04,1410.00
P1126,C0206,2025-04-05,930.00
P1127,C0106,2025-04-05,525.00
P1128,C0041,2025-04-05,595.00
P1129,C0417,2025-04-06,1670.00
P1130,C0122,2025-04-06,500.00
P1131,C0220,2025-04-06,1710.00
P1132,C0061,2025-04-06,830.00
P1133,C0177,2025-04-08,1068.06
P1134,C0253,2025-04-08,721.52
P1135,C0352,2025-04-08,1310.00
P1136,C0092,2025-04-08,301.42
P1137,C0411,2025-04-09,1106.14
P1138,C0003,2025-04-09,470.00
P1139,C0412,2025-04-10,1290.00
P1140,C0114,2025-04-10,1325.00
P1141,C0002,2025-04-10,1088.58
P1142,C0360,2025-04-11,535.00
P1143,C0114,2025-04-12,1325.00
P1144,C0233,2025-04-12,380.00
P1145,C0167,2025-04-13,385.00
P1146,C0351,2025-04-13,1105.00
P1147,C0105,2025-04-13,730.00
P1148,C0039,2025-04-13,470.00
P1149,C0190,2025-04-14,870.00
P1150,C0315,2025-04-15,490.00
P1151,C0310,2025-04-15,535.00
P1152,C0353,2025-04-15,960.00
P1153,C0169,2025-04-17,885.00
P1154,C0073,2025-04-17,1235.00
P1155,C0106,2025-04-17,525.00
P1156,C0247,2025-04-18,325.00
P1157,C0223,2025-04-19,525.00
P1158,C0090,2025-04-21,640.00
P1159,C0214,2025-04-23,848.76
P1160,C0246,2025-04-23,1015.00
P1161,C0327,2025-04-23,580.00
P1162,C0121,2025-04-23,760.19
P1163,C0420,2025-04-23,1680.00
P1164,C0240,2025-04-23,410.00
P1165,C0438,2025-04-24,1795.00
P1166,C0394,2025-04-24,350.00
P1167,C0439,2025-04-25,675.00
P1168,C0111,2025-04-25,1785.00
P1169,C0220,2025-04-25,1710.00
P1170,C0129,2025-04-25,1630.00
P1171,C0016,2025-04-25,550.00
P1172,C0235,2025-04-27,1125.00
P1173,C0353,2025-04-27,960.00
P1174,C0175,2025-04-27,325.00
P1175,C0241,2025-04-28,1710.00
P1176,C0412,2025-04-28,1290.00
P1177,C0383,2025-04-28,1200.00
P1178,C0278,2025-04-30,710.00
P1179,C0345,2025-05-01,470.00
P1180,C0223,2025-05-02,525.00
P1181,C0322,2025-05-03,1140.00
P1182,C0128,2025-05-04,2020.00
P1183,C0412,2025-05-04,1290.00
P1184,C0178,2025-05-04,830.00
P1185,C0099,2025-05-05,280.00
P1186,C0111,2025-05-06,1785.00
P1187,C0066,2025-05-06,1200.00
P1188,C0290,2025-05-07,895.00
P1189,C0023,2025-05-07,845.00
P1190,C0344,2025-05-07,280.48
P1191,C0419,2025-05-07,680.00
P1192,C0298,2025-05-10,680.00
P1193,C0359,2025-05-10,1310.00
P1194,C0015,2025-05-10,1025.00
P1195,C0128,2025-05-11,2020.00
P1196,C0146,2025-05-12,1575.00
P1197,C0290,2025-05-12,895.00
P1198,C0069,2025-05-12,1090.00
P1199,C0321,2025-05-12,1275.00
P1200,C0018,2025-05-13,760.00
P1201,C0375,2025-05-13,1460.00
P1202,C0344,2025-05-16,440.00
P1203,C0128,2025-05-17,2020.00
P1204,C0445,2025-05-18,790.00
P1205,C0174,2025-05-19,1110.00
P1206,C0077,2025-05-19,1865.00
P1207,C0069,2025-05-19,1090.00
P1208,C0059,2025-05-20,585.00
P1209,C0171,2025-05-20,1230.00
P1210,C0299,2025-05-21,1670.00
P1211,C0039,2025-05-21,470.00
P1212,C0076,2025-05-21,970.00
P1213,C0015,2025-05-22,623.51
P1214,C0300,2025-05-23,395.00
P1215,C0293,2025-05-23,1360.00
P1216,C0171,2025-05-24,1230.00
P1217,C0096,2025-05-26,1990.00
P1218,C0417,2025-05-26,1670.00
P1219,C0394,2025-05-27,350.00
P1220,C0310,2025-05-27,535.00
P1221,C0082,2025-05-28,865.00
P1222,C0015,2025-05-29,815.19
P1223,C0012,2025-05-29,1845.00
P1224,C0327,2025-05-29,517.29
P1225,C0342,2025-05-29,1420.00
P1226,C0266,2025-05-29,1575.00
P1227,C0312,2025-05-30,925.00
P1228,C0069,2025-05-30,1090.00
P1229,C0253,2025-05-30,860.00
P1230,C0163,2025-05-30,2025.00
P1231,C0299,2025-06-01,1670.00
P1232,C0055,2025-06-02,781.98
P1233,C0408,2025-06-02,730.00
P1234,C0408,2025-06-03,730.00
P1235,C0110,2025-06-03,1020.00
P1236,C0290,2025-06-06,895.00
P1237,C0284,2025-06-06,490.00
P1238,C0197,2025-06-07,436.74
P1239,C0066,2025-06-07,1200.00
P1240,C0059,2025-06-07,585.00
P1241,C0003,2025-06-07,470.00
P1242,C0327,2025-06-08,580.00
P1243,C0265,2025-06-09,1000.00
P1244,C0238,2025-06-09,530.00
P1245,C0242,2025-06-10,720.00
P1246,C0206,2025-06-11,642.56
P1247,C0414,2025-06-11,1020.00
P1248,C0439,2025-06-11,675.00
P1249,C0364,2025-06-11,1095.00
P1250,C0037,2025-06-11,450.00
P1251,C0250,2025-06-12,715.00
P1252,C0364,2025-06-12,1095.00
P1253,C0066,2025-06-13,1200.00
P1254,C0441,2025-06-13,1155.00
P1255,C0066,2025-06-14,1200.00
P1256,C0013,2025-06-15,910.00
P1257,C0037,2025-06-16,336.53
P1258,C0061,2025-06-16,621.91
P1259,C0070,2025-06-17,335.28
P1260,C0082,2025-06-18,865.00
P1261,C0018,2025-06-18,760.00
P1262,C0185,2025-06-19,625.00
P1263,C0275,2025-06-19,885.00
P1264,C0259,2025-06-19,1485.00
P1265,C0031,2025-06-19,1505.00
P1266,C0054,2025-06-20,691.74
P1267,C0033,2025-06-20,555.00
P1268,C0221,2025-06-21,345.00
P1269,C0440,2025-06-21,460.00
P1270,C0293,2025-06-22,1360.00
P1271,C0053,2025-06-22,1650.00
P1272,C0296,2025-06-23,875.00
P1273,C0002,2025-06-23,1355.00
P1274,C0224,2025-06-24,1130.00
P1275,C0142,2025-06-24,615.00
P1276,C0023,2025-06-25,845.00
P1277,C0440,2025-06-25,460.00
P1278,C0045,2025-06-25,1650.00
P1279,C0167,2025-06-26,304.77
P1280,C0124,2025-06-26,950.00
P1281,C0362,2025-06-28,1085.00
P1282,C0055,2025-06-29,885.00
P1283,C0247,2025-06-29,325.00
P1284,C0299,2025-06-29,1670.00
P1285,C0349,2025-07-01,361.10
P1286,C0322,2025-07-01,1014.02
P1287,C0132,2025-07-01,1585.00
P1288,C0412,2025-07-01,1290.00
P1289,C0219,2025-07-02,885.00
P1290,C0246,2025-07-02,1015.00
P1291,C0124,2025-07-03,950.00
P1292,C0096,2025-07-03,1990.00
P1293,C0313,2025-07-04,825.00
P1294,C0243,2025-07-04,1327.45
P1295,C0352,2025-07-05,1310.00
P1296,C0322,2025-07-05,1140.00
P1297,C0385,2025-07-05,950.00
P1298,C0148,2025-07-06,1040.00
P1299,C0398,2025-07-08,840.00
P1300,C0326,2025-07-08,990.00
P1301,C0312,2025-07-08,925.00
P1302,C0080,2025-07-09,1750.00
P1303,C0047,2025-07-10,475.00
P1304,C0280,2025-07-10,435.00
P1305,C0269,2025-07-10,1240.00
P1306,C0194,2025-07-10,310.00
P1307,C0379,2025-07-10,1205.00
P1308,C0381,2025-07-11,975.00
P1309,C0338,2025-07-11,1220.00
P1310,C0252,2025-07-11,840.00
P1311,C0417,2025-07-12,1044.07
P1312,C0264,2025-07-12,940.00
P1313,C0277,2025-07-12,340.00
P1314,C0393,2025-07-12,1400.63
P1315,C0110,2025-07-12,633.53
P1316,C0419,2025-07-12,680.00
P1317,C0309,2025-07-13,820.00
P1318,C0029,2025-07-13,1390.00
P1319,C0181,2025-07-13,1050.00
P1320,C0132,2025-07-14,1585.00
P1321,C0029,2025-07-14,1390.00
P1322,C0412,2025-07-14,789.56
P1323,C0380,2025-07-14,1170.00
P1324,C0350,2025-07-14,1305.00
P1325,C0027,2025-07-15,845.00
P1326,C0407,2025-07-16,1520.00
P1327,C0190,2025-07-16,870.00
P1328,C0357,2025-07-17,1835.00
P1329,C0259,2025-07-17,1485.00
P1330,C0300,2025-07-18,261.15
P1331,C0177,2025-07-18,1760.00
P1332,C0355,2025-07-18,605.00
P1333,C0183,2025-07-18,812.63
P1334,C0449,2025-07-19,910.00
P1335,C0357,2025-07-19,1835.00
P1336,C0038,2025-07-20,485.46
P1337,C0298,2025-07-20,680.00
P1338,C0177,2025-07-20,1760.00
P1339,C0425,2025-07-20,1465.00
P1340,C0086,2025-07-20,410.00
P1341,C0068,2025-07-21,1680.00
P1342,C0053,2025-07-22,1650.00
P1343,C0267,2025-07-22,720.00
P1344,C0006,2025-07-22,650.00
P1345,C0031,2025-07-22,1505.00
P1346,C0334,2025-07-23,1080.00
P1347,C0351,2025-07-23,1105.00
P1348,C0380,2025-07-23,1170.00
P1349,C0259,2025-07-23,1485.00
P1350,C0003,2025-07-24,470.00
P1351,C0142,2025-07-25,464.23
P1352,C0059,2025-07-25,585.00
P1353,C0015,2025-07-27,1025.00
P1354,C0261,2025-07-28,1263.12
P1355,C0216,2025-07-28,1070.00
P1356,C0144,2025-07-29,1605.00
P1357,C0059,2025-07-29,585.00
P1358,C0293,2025-07-30,1360.00
P1359,C0121,2025-07-30,1255.00
P1360,C0327,2025-07-30,580.00
P1361,C0169,2025-07-31,885.00
P1362,C0447,2025-07-31,578.08
P1363,C0357,2025-07-31,1835.00
P1364,C0048,2025-07-31,1860.00
P1365,C0163,2025-08-01,2025.00
P1366,C0225,2025-08-01,730.00
P1367,C0076,2025-08-01,970.00
P1368,C0179,2025-08-01,880.00
P1369,C0406,2025-08-02,910.00
P1370,C0051,2025-08-02,1465.00
P1371,C0169,2025-08-03,885.00
P1372,C0082,2025-08-03,610.94
P1373,C0191,2025-08-03,855.00
P1374,C0432,2025-08-04,1570.00
P1375,C0327,2025-08-05,580.00
P1376,C0193,2025-08-06,1195.00
P1377,C0351,2025-08-06,1105.00
P1378,C0323,2025-08-07,1100.00
P1379,C0225,2025-08-07,730.00
P1380,C0337,2025-08-07,570.00
P1381,C0432,2025-08-08,1570.00
P1382,C0157,2025-08-09,550.00
P1383,C0381,2025-08-09,975.00
P1384,C0069,2025-08-09,1090.00
P1385,C0107,2025-08-10,1130.00
P1386,C0015,2025-08-11,1025.00
P1387,C0406,2025-08-11,910.00
P1388,C0352,2025-08-12,1310.00
P1389,C0275,2025-08-12,885.00
P1390,C0280,2025-08-12,435.00
P1391,C0417,2025-08-13,1670.00
P1392,C0334,2025-08-14,1080.00
P1393,C0067,2025-08-14,300.00
P1394,C0317,2025-08-15,695.00
P1395,C0222,2025-08-15,1280.00
P1396,C0159,2025-08-16,975.00
P1397,C0328,2025-08-16,955.00
P1398,C0332,2025-08-17,710.00
P1399,C0152,2025-08-17,1850.00
P1400,C0382,2025-08-18,1115.00
P1401,C0078,2025-08-18,395.00
P1402,C0090,2025-08-19,640.00
P1403,C0096,2025-08-19,1990.00
P1404,C0054,2025-08-19,1140.00
P1405,C0112,2025-08-19,365.00
P1406,C0192,2025-08-20,740.00
P1407,C0269,2025-08-20,1240.00
P1408,C0382,2025-08-21,1115.00
P1409,C0238,2025-08-21,530.00
P1410,C0125,2025-08-21,1270.00
P1411,C0218,2025-08-22,520.00
P1412,C0345,2025-08-22,470.00
P1413,C0092,2025-08-23,370.00
P1414,C0448,2025-08-23,1055.00
P1415,C0396,2025-08-24,1465.00
P1416,C0229,2025-08-25,335.00
P1417,C0099,2025-08-26,280.00
P1418,C0093,2025-08-26,720.00
P1419,C0078,2025-08-26,395.00
P1420,C0014,2025-08-26,1185.00
P1421,C0396,2025-08-27,1465.00
P1422,C0060,2025-08-27,725.00
P1423,C0449,2025-08-27,910.00
P1424,C0178,2025-08-27,830.00
P1425,C0124,2025-08-27,950.00
P1426,C0271,2025-08-28,1410.00
P1427,C0441,2025-08-29,1155.00
P1428,C0179,2025-08-29,880.00
P1429,C0325,2025-08-29,1960.00
P1430,C0073,2025-08-30,1235.00
P1431,C0086,2025-08-30,410.00
P1432,C0390,2025-08-30,435.00
P1433,C0219,2025-08-31,885.00
P1434,C0117,2025-08-31,1340.00
P1435,C0377,2025-08-31,1235.00
P1436,C0133,2025-09-02,485.00
P1437,C0381,2025-09-02,668.03
P1438,C0328,2025-09-03,955.00
P1439,C0276,2025-09-04,1235.00
P1440,C0350,2025-09-04,1305.00
P1441,C0017,2025-09-06,1715.00
P1442,C0318,2025-09-07,780.00
P1443,C0328,2025-09-08,743.36
P1444,C0433,2025-09-09,825.00
P1445,C0425,2025-09-09,900.62
P1446,C0331,2025-09-10,238.51
P1447,C0185,2025-09-10,625.00
P1448,C0108,2025-09-10,500.00
P1449,C0334,2025-09-10,1080.00
P1450,C0263,2025-09-10,600.00
P1451,C0371,2025-09-11,1075.00
P1452,C0339,2025-09-12,700.00
P1453,C0233,2025-09-13,380.00
P1454,C0393,2025-09-13,1595.00
P1455,C0287,2025-09-14,645.00
P1456,C0198,2025-09-15,1165.00
P1457,C0218,2025-09-16,520.00
P1458,C0406,2025-09-16,910.00
P1459,C0019,2025-09-16,1285.00
P1460,C0407,2025-09-16,1520.00
P1461,C0169,2025-09-17,885.00
P1462,C0151,2025-09-18,1670.00
P1463,C0166,2025-09-18,495.00
P1464,C0078,2025-09-18,395.00
P1465,C0352,2025-09-19,1310.00
P1466,C0400,2025-09-21,585.00
P1467,C0090,2025-09-22,640.00
P1468,C0418,2025-09-22,365.00
P1469,C0298,2025-09-22,680.00
P1470,C0015,2025-09-23,1025.00
P1471,C0297,2025-09-24,815.00
P1472,C0422,2025-09-25,530.00
P1473,C0044,2025-09-25,1290.00
P1474,C0342,2025-09-25,1420.00
P1475,C0393,2025-09-26,1427.57
P1476,C0157,2025-09-26,550.00
P1477,C0216,2025-09-27,1070.00
P1478,C0198,2025-09-27,1165.00
P1479,C0027,2025-09-28,619.28
P1480,C0442,2025-09-29,1103.82
P1481,C0369,2025-09-30,987.27
P1482,C0250,2025-09-30,715.00
P1483,C0264,2025-09-30,940.00
P1484,C0413,2025-10-02,835.00
P1485,C0121,2025-10-02,1255.00
P1486,C0371,2025-10-02,1075.00
P1487,C0096,2025-10-03,1990.00
P1488,C0238,2025-10-03,530.00
P1489,C0069,2025-10-05,1090.00
P1490,C0442,2025-10-05,1570.00
P1491,C0263,2025-10-05,600.00
P1492,C0369,2025-10-06,1175.00
P1493,C0190,2025-10-06,870.00
P1494,C0275,2025-10-06,709.26
P1495,C0265,2025-10-06,1000.00
P1496,C0325,2025-10-07,1960.00
P1497,C0073,2025-10-07,1235.00
P1498,C0011,2025-10-09,1130.00
P1499,C0078,2025-10-09,395.00
P1500,C0226,2025-10-09,620.00
P1501,C0190,2025-10-11,870.00
P1502,C0297,2025-10-12,815.00
P1503,C0369,2025-10-12,1175.00
P1504,C0341,2025-10-12,980.00
P1505,C0033,2025-10-12,397.07
P1506,C0331,2025-10-12,380.00
P1507,C0160,2025-10-13,490.00
P1508,C0225,2025-10-13,730.00
P1509,C0349,2025-10-13,460.00
P1510,C0142,2025-10-13,615.00
P1511,C0295,2025-10-14,1235.00
P1512,C0406,2025-10-14,910.00
P1513,C0079,2025-10-14,645.00
P1514,C0196,2025-10-18,1135.00
P1515,C0246,2025-10-20,1015.00
P1516,C0287,2025-10-21,645.00
P1517,C0192,2025-10-22,740.00
P1518,C0187,2025-10-22,1139.02
P1519,C0295,2025-10-23,1235.00
P1520,C0208,2025-10-23,1320.00
P1521,C0079,2025-10-24,645.00
P1522,C0345,2025-10-24,470.00
P1523,C0381,2025-10-24,693.33
P1524,C0125,2025-10-25,1270.00
P1525,C0360,2025-10-25,535.00
P1526,C0030,2025-10-26,615.00
P1527,C0157,2025-10-26,550.00
P1528,C0185,2025-10-26,625.00
P1529,C0221,2025-10-26,284.79
P1530,C0032,2025-10-29,385.00
P1531,C0070,2025-10-29,490.00
P1532,C0406,2025-10-30,910.00
P1533,C0448,2025-10-30,1055.00
P1534,C0266,2025-10-30,1575.00
P1535,C0344,2025-10-30,440.00
P1536,C0131,2025-10-30,405.00
P1537,C0093,2025-10-31,720.00
P1538,C0206,2025-10-31,930.00
P1539,C0391,2025-10-31,825.00
P1540,C0348,2025-11-01,575.00
P1541,C0186,2025-11-01,929.70
P1542,C0174,2025-11-02,1110.00
P1543,C0199,2025-11-02,575.00
P1544,C0320,2025-11-02,330.00
P1545,C0159,2025-11-02,975.00
P1546,C0396,2025-11-02,1465.00
P1547,C0002,2025-11-03,821.45
P1548,C0174,2025-11-03,1110.00
P1549,C0277,2025-11-03,340.00
P1550,C0393,2025-11-03,1595.00
P1551,C0204,2025-11-04,1235.00
P1552,C0079,2025-11-04,645.00
P1553,C0078,2025-11-05,395.00
P1554,C0391,2025-11-05,825.00
P1555,C0328,2025-11-05,955.00
P1556,C0112,2025-11-06,365.00
P1557,C0171,2025-11-06,1230.00
P1558,C0032,2025-11-06,385.00
P1559,C0191,2025-11-07,855.00
P1560,C0055,2025-11-07,751.53
P1561,C0239,2025-11-07,1510.00
P1562,C0433,2025-11-08,825.00
P1563,C0355,2025-11-08,605.00
P1564,C0078,2025-11-08,395.00
P1565,C0397,2025-11-09,560.00
P1566,C0336,2025-11-10,575.00
P1567,C0193,2025-11-10,1195.00
P1568,C0141,2025-11-10,360.00
P1569,C0010,2025-11-10,616.99
P1570,C0190,2025-11-10,870.00
P1571,C0370,2025-11-11,897.54
P1572,C0038,2025-11-11,700.00
P1573,C0171,2025-11-12,1230.00
P1574,C0275,2025-11-15,885.00
P1575,C0206,2025-11-15,930.00
P1576,C0066,2025-11-17,1200.00
P1577,C0362,2025-11-17,1085.00
P1578,C0123,2025-11-17,960.00
P1579,C0159,2025-11-18,975.00
P1580,C0019,2025-11-18,1042.27
P1581,C0216,2025-11-18,1070.00
P1582,C0418,2025-11-19,365.00
P1583,C0318,2025-11-19,780.00
P1584,C0097,2025-11-19,665.00
P1585,C0397,2025-11-19,560.00
P1586,C0438,2025-11-20,1795.00
P1587,C0415,2025-11-20,1075.00
P1588,C0414,2025-11-22,1020.00
P1589,C0355,2025-11-22,605.00
P1590,C0406,2025-11-22,910.00
P1591,C0079,2025-11-23,645.00
P1592,C0425,2025-11-23,994.86
P1593,C0334,2025-11-23,1080.00
P1594,C0252,2025-11-23,840.00
P1595,C0146,2025-11-25,1575.00
P1596,C0097,2025-11-25,665.00
P1597,C0383,2025-11-25,1200.00
P1598,C0153,2025-11-25,275.00
P1599,C0093,2025-11-25,720.00
P1600,C0280,2025-11-26,435.00
P1601,C0349,2025-11-26,460.00
P1602,C0353,2025-11-26,960.00
P1603,C0064,2025-11-26,525.00
P1604,C0157,2025-11-26,550.00
P1605,C0157,2025-11-27,550.00
P1606,C0048,2025-11-27,1860.00
P1607,C0218,2025-11-27,520.00
P1608,C0097,2025-11-28,665.00
P1609,C0182,2025-11-28,1300.00
P1610,C0385,2025-11-28,950.00
P1611,C0425,2025-11-28,1465.00
P1612,C0038,2025-11-29,700.00
P1613,C0163,2025-11-30,2025.00
P1614,C0387,2025-12-02,1310.00
P1615,C0080,2025-12-02,1750.00
P1616,C0286,2025-12-03,1295.00
P1617,C0029,2025-12-04,878.62
P1618,C0079,2025-12-04,645.00
P1619,C0381,2025-12-05,975.00
P1620,C0252,2025-12-06,840.00
P1621,C0080,2025-12-06,1750.00
P1622,C0440,2025-12-06,460.00
P1623,C0328,2025-12-08,955.00
P1624,C0174,2025-12-08,1110.00
P1625,C0381,2025-12-09,679.10
P1626,C0327,2025-12-09,580.00
P1627,C0389,2025-12-10,465.00
P1628,C0067,2025-12-10,300.00
P1629,C0385,2025-12-10,950.00
P1630,C0369,2025-12-11,1175.00
P1631,C0048,2025-12-11,1860.00
P1632,C0431,2025-12-12,1060.00
P1633,C0218,2025-12-13,520.00
P1634,C0141,2025-12-14,307.03
P1635,C0428,2025-12-14,695.00
P1636,C0251,2025-12-14,1205.00
P1637,C0192,2025-12-15,740.00
P1638,C0336,2025-12-15,575.00
P1639,C0097,2025-12-15,665.00
P1640,C0357,2025-12-15,1835.00
P1641,C0293,2025-12-15,1360.00
P1642,C0336,2025-12-15,575.00
P1643,C0157,2025-12-15,550.00
P1644,C0148,2025-12-15,1040.00
P1645,C0169,2025-12-16,885.00
P1646,C0216,2025-12-16,1070.00
P1647,C0094,2025-12-17,910.00
P1648,C0396,2025-12-17,1465.00
P1649,C0336,2025-12-19,575.00
P1650,C0336,2025-12-19,575.00
P1651,C0328,2025-12-19,955.00
P1652,C0292,2025-12-19,775.00
P1653,C0191,2025-12-20,855.00
P1654,C0190,2025-12-20,870.00
P1655,C0233,2025-12-21,380.00
P1656,C0115,2025-12-22,615.00
P1657,C0097,2025-12-22,665.00
P1658,C0182,2025-12-22,1300.00
P1659,C0397,2025-12-22,560.00
P1660,C0325,2025-12-23,1960.00
P1661,C0385,2025-12-24,950.00
P1662,C0428,2025-12-24,695.00
P1663,C0194,2025-12-25,310.00
P1664,C0079,2025-12-26,645.00
P1665,C0114,2025-12-26,1325.00
P1666,C0356,2025-12-27,510.00
P1667,C0123,2025-12-27,960.00
P1668,C0182,2025-12-27,1300.00
P1669,C0097,2025-12-28,665.00
P1670,C0079,2025-12-28,645.00
P1671,C0348,2025-12-28,575.00
P1672,C0336,2025-12-29,575.00
P1673,C0379,2025-12-30,1205.00
P1674,C0407,2025-12-30,1520.00
P1675,C0082,2025-12-30,865.00
P1676,C0132,2025-12-30,1585.00
P1677,C0059,2025-12-30,585.00
P1678,C0068,2025-12-30,1680.00
P1679,C0433,2026-01-01,825.00
P1680,C0067,2026-01-01,300.00
P1681,C0192,2026-01-01,740.00
P1682,C0359,2026-01-01,1310.00
P1683,C0350,2026-01-02,802.76
P1684,C0095,2026-01-02,810.00
P1685,C0397,2026-01-03,483.79
P1686,C0315,2026-01-03,490.00
P1687,C0398,2026-01-03,840.00
P1688,C0307,2026-01-03,470.00
P1689,C0079,2026-01-04,645.00
P1690,C0342,2026-01-04,1420.00
P1691,C0305,2026-01-04,770.00
P1692,C0079,2026-01-05,645.00
P1693,C0168,2026-01-05,1775.00
P1694,C0240,2026-01-05,410.00
P1695,C0056,2026-01-06,1470.00
P1696,C0382,2026-01-06,1115.00
P1697,C0028,2026-01-06,1295.00
P1698,C0445,2026-01-06,790.00
P1699,C0290,2026-01-08,895.00
P1700,C0218,2026-01-08,520.00
